cpu_percent,cpu_freq,cpu_temp,load_avg_1min,load_avg_5min,load_avg_15min,ram_total,ram_used,ram_percent,swap_total,swap_used,swap_percent,gpu_memory,gpu_temp,gpu_freq,gpu_busy,power_state,disk_read,disk_write,net_sent,net_recv,process_count,context_switches,timestamp
33.4,2400.0,60.6,0.73876953125,0.84130859375,0.5478515625,8439283712,1439596544,20.9,209698816,0,0.0,8,60.9,910.010752,0.0,0,1269019136,942253568,3853443,296201368,223,2241858,2024-11-25 13:25:24
4.2,2400.0,58.95,0.73876953125,0.84130859375,0.5478515625,8439283712,1441054720,21.0,209698816,0,0.0,8,60.4,910.010752,0.0,0,1269019136,942253568,3853443,296201494,223,2242236,2024-11-25 13:25:24
2.1,2400.0,61.7,0.73876953125,0.84130859375,0.5478515625,8439283712,1441300480,21.0,209698816,0,0.0,8,60.9,910.010752,0.0,0,1269019136,942253568,3853443,296201578,223,2242588,2024-11-25 13:25:24
2.1,2400.0,59.5,0.73876953125,0.84130859375,0.5478515625,8439283712,1441300480,21.0,209698816,0,0.0,8,60.4,910.010752,0.0,0,1269019136,942253568,3853443,296201620,223,2242885,2024-11-25 13:25:24
2.1,2400.0,60.05,0.73876953125,0.84130859375,0.5478515625,8439283712,1441792000,21.0,209698816,0,0.0,8,60.4,910.007424,0.0,0,1269019136,942921216,3853443,296201620,223,2243256,2024-11-25 13:25:24
6.1,2400.0,59.5,0.73876953125,0.84130859375,0.5478515625,8439283712,1441792000,21.0,209698816,0,0.0,8,59.8,910.007424,0.0,0,1269019136,942921216,3853443,296201704,223,2243597,2024-11-25 13:25:24
2.1,2400.0,60.05,0.73876953125,0.84130859375,0.5478515625,8439283712,1442054144,21.0,209698816,0,0.0,8,60.4,910.007424,0.0,0,1269019136,942921216,3853443,296201872,223,2243877,2024-11-25 13:25:25
0.0,2400.0,60.05,0.73876953125,0.84130859375,0.5478515625,8439283712,1442054144,21.0,209698816,0,0.0,8,60.4,910.010752,0.0,0,1269019136,942921216,3853443,296201914,223,2244058,2024-11-25 13:25:25
4.1,2400.0,59.5,0.73876953125,0.84130859375,0.5478515625,8439283712,1442054144,21.0,209698816,0,0.0,8,60.4,910.010752,0.0,0,1269019136,942921216,3853443,296201956,223,2244234,2024-11-25 13:25:25
0.0,2400.0,58.4,0.73876953125,0.84130859375,0.5478515625,8439283712,1442299904,21.0,209698816,0,0.0,8,58.7,910.007424,0.0,0,1269019136,942921216,3853443,296201956,223,2244353,2024-11-25 13:25:25
0.0,2400.0,58.95,0.73876953125,0.84130859375,0.5478515625,8439283712,1442054144,21.0,209698816,0,0.0,8,59.3,910.007424,0.0,0,1269019136,942921216,3853443,296201956,223,2244470,2024-11-25 13:25:25
2.1,2400.0,59.5,0.73876953125,0.84130859375,0.5478515625,8439283712,1442054144,21.0,209698816,0,0.0,8,60.4,910.010752,0.0,0,1269019136,942921216,3853443,296201998,223,2244654,2024-11-25 13:25:25
0.0,2400.0,59.5,0.73876953125,0.84130859375,0.5478515625,8439283712,1442299904,21.0,209698816,0,0.0,8,59.8,910.007424,0.0,0,1269019136,942921216,3853443,296202124,223,2244860,2024-11-25 13:25:25
2.1,2400.0,59.5,0.73876953125,0.84130859375,0.5478515625,8439283712,1442299904,21.0,209698816,0,0.0,8,59.8,910.010752,0.0,0,1269019136,942921216,3853443,296202208,223,2245005,2024-11-25 13:25:25
0.0,2400.0,60.05,0.73876953125,0.84130859375,0.5478515625,8439283712,1442299904,21.0,209698816,0,0.0,8,59.8,910.010752,0.0,0,1269019136,942921216,3853443,296202250,223,2245326,2024-11-25 13:25:25
2.1,2400.0,59.5,0.73876953125,0.84130859375,0.5478515625,8439283712,1442299904,21.0,209698816,0,0.0,8,59.3,910.014016,0.0,0,1269019136,942921216,3853443,296202250,223,2245413,2024-11-25 13:25:26
0.0,2400.0,59.5,0.73876953125,0.84130859375,0.5478515625,8439283712,1442299904,21.0,209698816,0,0.0,8,59.8,910.007424,0.0,0,1269019136,942921216,3853443,296202250,223,2245514,2024-11-25 13:25:26
2.1,2400.0,59.5,0.73876953125,0.84130859375,0.5478515625,8439283712,1442299904,21.0,209698816,0,0.0,8,59.3,910.010752,0.0,0,1269019136,942921216,3853443,296202292,223,2245639,2024-11-25 13:25:26
2.1,2400.0,58.4,0.73876953125,0.84130859375,0.5478515625,8439283712,1442299904,21.0,209698816,0,0.0,8,58.7,910.010752,0.0,0,1269019136,942921216,3853443,296202376,223,2245832,2024-11-25 13:25:26
0.0,2400.0,59.5,0.67919921875,0.8271484375,0.54443359375,8439283712,1442299904,21.0,209698816,0,0.0,8,59.8,910.010752,0.0,0,1269019136,942921216,3853443,296202544,223,2246004,2024-11-25 13:25:26
0.0,2400.0,59.5,0.67919921875,0.8271484375,0.54443359375,8439283712,1442299904,21.0,209698816,0,0.0,8,58.7,910.010752,0.0,0,1269019136,942921216,3853443,296202586,223,2246142,2024-11-25 13:25:26
0.0,2400.0,59.5,0.67919921875,0.8271484375,0.54443359375,8439283712,1442299904,21.0,209698816,0,0.0,8,59.8,910.010752,0.0,0,1269019136,942921216,3853443,296202586,223,2246276,2024-11-25 13:25:26
2.1,2400.0,59.5,0.67919921875,0.8271484375,0.54443359375,8439283712,1442299904,21.0,209698816,0,0.0,8,59.8,910.010752,0.0,0,1269019136,942921216,3853443,296202712,223,2246448,2024-11-25 13:25:26
0.0,2400.0,60.05,0.67919921875,0.8271484375,0.54443359375,8439283712,1442299904,21.0,209698816,0,0.0,8,59.8,910.010752,0.0,0,1269019136,942921216,3853443,296202712,223,2246547,2024-11-25 13:25:27
0.0,2400.0,58.4,0.67919921875,0.8271484375,0.54443359375,8439283712,1442299904,21.0,209698816,0,0.0,8,58.7,910.007424,0.0,0,1269019136,942921216,3853443,296202754,223,2246686,2024-11-25 13:25:27
2.1,2400.0,58.95,0.67919921875,0.8271484375,0.54443359375,8439283712,1442299904,21.0,209698816,0,0.0,8,59.3,910.010752,0.0,0,1269019136,942921216,3853443,296202796,223,2246798,2024-11-25 13:25:27
2.1,2400.0,59.5,0.67919921875,0.8271484375,0.54443359375,8439283712,1442299904,21.0,209698816,0,0.0,8,60.4,910.007424,0.0,0,1269019136,942921216,3853443,296202880,223,2246985,2024-11-25 13:25:27
0.0,2400.0,57.85,0.67919921875,0.8271484375,0.54443359375,8439283712,1442299904,21.0,209698816,0,0.0,8,60.4,910.014016,0.0,0,1269019136,942921216,3853443,296202880,223,2247088,2024-11-25 13:25:27
2.1,2400.0,58.95,0.67919921875,0.8271484375,0.54443359375,8439283712,1442299904,21.0,209698816,0,0.0,8,59.3,910.010752,0.0,0,1269019136,942921216,3853443,296202922,223,2247226,2024-11-25 13:25:27
2.1,2400.0,58.95,0.67919921875,0.8271484375,0.54443359375,8439283712,1442299904,21.0,209698816,0,0.0,8,59.8,910.014016,0.0,0,1269019136,942921216,3853443,296203006,223,2247390,2024-11-25 13:25:27
0.0,2400.0,58.95,0.67919921875,0.8271484375,0.54443359375,8439283712,1442299904,21.0,209698816,0,0.0,8,59.3,910.007424,0.0,0,1269019136,942921216,3853443,296203048,223,2247530,2024-11-25 13:25:27
0.0,2400.0,60.05,0.67919921875,0.8271484375,0.54443359375,8439283712,1442299904,21.0,209698816,0,0.0,8,60.4,910.014016,0.0,0,1269019136,942921216,3853443,296203174,223,2247713,2024-11-25 13:25:27
2.1,2400.0,59.5,0.67919921875,0.8271484375,0.54443359375,8439283712,1442037760,21.0,209698816,0,0.0,8,59.3,910.014016,0.0,0,1269019136,943015424,3853443,296203300,223,2247896,2024-11-25 13:25:28
2.1,2400.0,59.5,0.67919921875,0.8271484375,0.54443359375,8439283712,1442283520,21.0,209698816,0,0.0,8,59.8,910.007424,0.0,0,1269019136,943015424,3853443,296203342,223,2248035,2024-11-25 13:25:28
0.0,2400.0,57.85,0.67919921875,0.8271484375,0.54443359375,8439283712,1442283520,21.0,209698816,0,0.0,8,58.2,910.007424,0.0,0,1269019136,943015424,3853443,296203384,223,2248168,2024-11-25 13:25:28
2.1,2400.0,58.4,0.67919921875,0.8271484375,0.54443359375,8439283712,1442283520,21.0,209698816,0,0.0,8,59.8,910.010752,0.0,0,1269019136,943015424,3853443,296203510,223,2248336,2024-11-25 13:25:28
0.0,2400.0,58.95,0.67919921875,0.8271484375,0.54443359375,8439283712,1442283520,21.0,209698816,0,0.0,8,59.8,545.563456,0.0,0,1269019136,943015424,3853443,296203594,223,2248493,2024-11-25 13:25:28
2.0,1600.0,58.95,0.67919921875,0.8271484375,0.54443359375,8439283712,1442283520,21.0,209698816,0,0.0,8,59.3,500.004288,0.0,0,1269019136,943015424,3853443,296203636,223,2248636,2024-11-25 13:25:28
0.0,1500.0,57.85,0.67919921875,0.8271484375,0.54443359375,8439283712,1442283520,21.0,209698816,0,0.0,8,58.2,500.004288,0.0,0,1269019136,943015424,3853443,296203678,223,2248788,2024-11-25 13:25:28
2.0,1500.0,58.4,0.67919921875,0.8271484375,0.54443359375,8439283712,1442283520,21.0,209698816,0,0.0,8,58.7,500.004288,0.0,0,1269019136,943015424,3853443,296203678,223,2248902,2024-11-25 13:25:28
0.0,1500.0,58.4,0.67919921875,0.8271484375,0.54443359375,8439283712,1442283520,21.0,209698816,0,0.0,8,58.7,500.004288,0.0,0,1269019136,943015424,3853443,296203678,223,2249000,2024-11-25 13:25:29
5.9,1500.0,58.95,0.67919921875,0.8271484375,0.54443359375,8439283712,1442283520,21.0,209698816,0,0.0,8,59.3,500.004288,0.0,0,1269019136,943015424,3853443,296203720,223,2249143,2024-11-25 13:25:29
0.0,1500.0,58.4,0.67919921875,0.8271484375,0.54443359375,8439283712,1442283520,21.0,209698816,0,0.0,8,58.7,500.004288,0.0,0,1269019136,943015424,3853443,296203804,223,2249303,2024-11-25 13:25:29
0.0,1500.0,58.4,0.67919921875,0.8271484375,0.54443359375,8439283712,1442283520,21.0,209698816,0,0.0,8,58.2,500.004288,0.0,0,1269019136,943015424,3853443,296203888,223,2249451,2024-11-25 13:25:29
4.0,1500.0,57.85,0.67919921875,0.8271484375,0.54443359375,8439283712,1442283520,21.0,209698816,0,0.0,8,57.6,500.004288,0.0,0,1269019136,943015424,3853443,296203888,223,2249544,2024-11-25 13:25:29
0.0,1500.0,56.75,0.67919921875,0.8271484375,0.54443359375,8439283712,1442283520,21.0,209698816,0,0.0,8,57.6,500.004288,0.0,0,1269019136,943015424,3853443,296203888,223,2249648,2024-11-25 13:25:29
0.0,1500.0,57.85,0.67919921875,0.8271484375,0.54443359375,8439283712,1442283520,21.0,209698816,0,0.0,8,57.6,500.004288,0.0,0,1269019136,943015424,3853443,296203930,223,2249797,2024-11-25 13:25:29
0.0,1500.0,58.4,0.67919921875,0.8271484375,0.54443359375,8439283712,1442283520,21.0,209698816,0,0.0,8,57.1,500.000992,0.0,0,1269019136,943101440,3853443,296203930,223,2249942,2024-11-25 13:25:29
4.0,1500.0,57.3,0.67919921875,0.8271484375,0.54443359375,8439283712,1442283520,21.0,209698816,0,0.0,8,57.6,500.004288,0.0,0,1269019136,943101440,3853443,296204140,223,2250140,2024-11-25 13:25:30
2.1,1500.0,57.85,0.67919921875,0.8271484375,0.54443359375,8439283712,1442283520,21.0,209698816,0,0.0,8,58.2,500.004288,0.0,0,1269019136,943101440,3853443,296204266,223,2250292,2024-11-25 13:25:30
0.0,1500.0,57.3,0.67919921875,0.8271484375,0.54443359375,8439283712,1442283520,21.0,209698816,0,0.0,8,57.6,500.004288,0.0,0,1269019136,943101440,3853443,296204350,223,2250455,2024-11-25 13:25:30
2.0,1500.0,57.3,0.67919921875,0.8271484375,0.54443359375,8439283712,1442283520,21.0,209698816,0,0.0,8,58.2,500.004288,0.0,0,1269019136,943101440,3853443,296204392,223,2250596,2024-11-25 13:25:30
0.0,1500.0,57.3,0.67919921875,0.8271484375,0.54443359375,8439283712,1442283520,21.0,209698816,0,0.0,8,58.7,500.004288,0.0,0,1269019136,943101440,3853443,296204518,223,2250741,2024-11-25 13:25:30
0.0,1500.0,57.85,0.67919921875,0.8271484375,0.54443359375,8439283712,1442283520,21.0,209698816,0,0.0,8,58.2,500.004288,0.0,0,1269019136,943101440,3853443,296204518,223,2250842,2024-11-25 13:25:30
2.0,1500.0,56.75,0.67919921875,0.8271484375,0.54443359375,8439283712,1442283520,21.0,209698816,0,0.0,8,58.2,500.004288,0.0,0,1269019136,943101440,3853443,296204602,223,2251016,2024-11-25 13:25:30
2.1,1500.0,56.75,0.67919921875,0.8271484375,0.54443359375,8439283712,1442283520,21.0,209698816,0,0.0,8,57.6,500.004288,0.0,0,1269019136,943101440,3853443,296204686,223,2251200,2024-11-25 13:25:30
2.0,1500.0,56.75,0.67919921875,0.8271484375,0.54443359375,8439283712,1442283520,21.0,209698816,0,0.0,8,57.1,500.004288,0.0,0,1269019136,943101440,3853443,296204770,223,2251379,2024-11-25 13:25:30
2.0,1500.0,57.85,0.67919921875,0.8271484375,0.54443359375,8439283712,1442283520,21.0,209698816,0,0.0,8,58.2,500.004288,0.0,0,1269019136,943101440,3853443,296204770,223,2251487,2024-11-25 13:25:31
0.0,1500.0,56.75,0.67919921875,0.8271484375,0.54443359375,8439283712,1442283520,21.0,209698816,0,0.0,8,56.5,500.004288,0.0,0,1269019136,943101440,3853443,296204812,223,2251627,2024-11-25 13:25:31
2.1,1500.0,57.85,0.67919921875,0.8271484375,0.54443359375,8439283712,1442283520,21.0,209698816,0,0.0,8,57.1,500.000992,0.0,0,1269019136,943101440,3853443,296204854,223,2251763,2024-11-25 13:25:31
0.0,1500.0,57.85,0.67919921875,0.8271484375,0.54443359375,8439283712,1442283520,21.0,209698816,0,0.0,8,57.6,500.004288,0.0,0,1269019136,943101440,3853443,296204854,223,2251868,2024-11-25 13:25:31
0.0,1500.0,57.85,0.705078125,0.830078125,0.54736328125,8439283712,1442283520,21.0,209698816,0,0.0,8,58.2,500.004288,0.0,0,1269019136,943101440,3853443,296204854,223,2251971,2024-11-25 13:25:31
0.0,1500.0,57.3,0.705078125,0.830078125,0.54736328125,8439283712,1442283520,21.0,209698816,0,0.0,8,57.1,500.004288,0.0,0,1269019136,943101440,3853443,296204980,223,2252134,2024-11-25 13:25:31
4.0,1500.0,57.3,0.705078125,0.830078125,0.54736328125,8439283712,1442283520,21.0,209698816,0,0.0,8,56.0,500.004288,0.0,0,1269019136,943101440,3853443,296204980,223,2252250,2024-11-25 13:25:31
0.0,1500.0,57.3,0.705078125,0.830078125,0.54736328125,8439283712,1442283520,21.0,209698816,0,0.0,8,57.6,500.007584,0.0,0,1269019136,943101440,3853443,296204980,223,2252496,2024-11-25 13:25:31
4.1,1500.0,57.3,0.705078125,0.830078125,0.54736328125,8439283712,1442283520,21.0,209698816,0,0.0,8,57.6,500.004288,0.0,0,1269019136,943101440,3853443,296205022,223,2252608,2024-11-25 13:25:32
0.0,1500.0,57.85,0.705078125,0.830078125,0.54736328125,8439283712,1442283520,21.0,209698816,0,0.0,8,57.6,500.004288,0.0,0,1269019136,943101440,3853443,296205106,223,2252770,2024-11-25 13:25:32
4.0,1500.0,57.3,0.705078125,0.830078125,0.54736328125,8439283712,1442283520,21.0,209698816,0,0.0,8,57.6,500.004288,0.0,0,1269019136,943101440,3853443,296205190,223,2252914,2024-11-25 13:25:32
0.0,1500.0,57.3,0.705078125,0.830078125,0.54736328125,8439283712,1442283520,21.0,209698816,0,0.0,8,56.5,500.004288,0.0,0,1269019136,943101440,3853443,296205274,223,2253069,2024-11-25 13:25:32
0.0,1500.0,56.75,0.705078125,0.830078125,0.54736328125,8439283712,1442283520,21.0,209698816,0,0.0,8,57.6,500.004288,0.0,0,1269019136,943101440,3853443,296205316,223,2253189,2024-11-25 13:25:32
2.0,1500.0,56.75,0.705078125,0.830078125,0.54736328125,8439283712,1442283520,21.0,209698816,0,0.0,8,57.6,500.007584,0.0,0,1269019136,943101440,3853443,296205400,223,2253337,2024-11-25 13:25:32
2.0,1500.0,56.75,0.705078125,0.830078125,0.54736328125,8439283712,1442283520,21.0,209698816,0,0.0,8,57.1,500.004288,0.0,0,1269019136,943101440,3853443,296205442,223,2253485,2024-11-25 13:25:32
2.1,1500.0,56.75,0.705078125,0.830078125,0.54736328125,8439283712,1442283520,21.0,209698816,0,0.0,8,57.1,500.007584,0.0,0,1269019136,943101440,3853443,296205526,223,2253646,2024-11-25 13:25:32
0.0,1500.0,56.75,0.705078125,0.830078125,0.54736328125,8439283712,1442283520,21.0,209698816,0,0.0,8,58.2,500.004288,0.0,0,1269019136,943101440,3853443,296205610,223,2253799,2024-11-25 13:25:33
4.0,1500.0,56.75,0.705078125,0.830078125,0.54736328125,8439283712,1442283520,21.0,209698816,0,0.0,8,57.1,500.004288,0.0,0,1269019136,943101440,3853443,296205694,223,2253963,2024-11-25 13:25:33
0.0,1500.0,56.75,0.705078125,0.830078125,0.54736328125,8439283712,1442250752,21.0,209698816,0,0.0,8,57.1,500.007584,0.0,0,1269019136,943121920,3853443,296205778,223,2254134,2024-11-25 13:25:33
0.0,1500.0,56.2,0.705078125,0.830078125,0.54736328125,8439283712,1442250752,21.0,209698816,0,0.0,8,57.6,500.004288,0.0,0,1269019136,943121920,3853443,296205778,223,2254261,2024-11-25 13:25:33
4.0,1500.0,57.3,0.705078125,0.830078125,0.54736328125,8439283712,1442250752,21.0,209698816,0,0.0,8,57.6,500.004288,0.0,0,1269019136,943121920,3853443,296205862,223,2254405,2024-11-25 13:25:33
0.0,1500.0,56.75,0.705078125,0.830078125,0.54736328125,8439283712,1442496512,21.0,209698816,0,0.0,8,57.1,500.004288,0.0,0,1269019136,943121920,3853443,296205904,223,2254533,2024-11-25 13:25:33
2.1,1500.0,56.75,0.705078125,0.830078125,0.54736328125,8439283712,1442496512,21.0,209698816,0,0.0,8,57.1,500.004288,0.0,0,1269019136,943121920,3853443,296205946,223,2254682,2024-11-25 13:25:33
0.0,1500.0,57.3,0.705078125,0.830078125,0.54736328125,8439283712,1442496512,21.0,209698816,0,0.0,8,57.6,500.004288,0.0,0,1269019136,943121920,3853443,296205946,223,2254814,2024-11-25 13:25:33
2.0,1500.0,56.75,0.705078125,0.830078125,0.54736328125,8439283712,1442496512,21.0,209698816,0,0.0,8,57.6,500.000992,0.0,0,1269019136,943121920,3853443,296205988,223,2254964,2024-11-25 13:25:34
0.0,1500.0,55.65,0.705078125,0.830078125,0.54736328125,8439283712,1442496512,21.0,209698816,0,0.0,8,57.6,500.004288,0.0,0,1269019136,943121920,3853443,296206030,223,2255096,2024-11-25 13:25:34
2.0,1500.0,56.75,0.705078125,0.830078125,0.54736328125,8439283712,1442496512,21.0,209698816,0,0.0,8,57.6,500.004288,0.0,0,1269019136,943121920,3853443,296206072,223,2255262,2024-11-25 13:25:34
4.0,1500.0,57.3,0.705078125,0.830078125,0.54736328125,8439283712,1442496512,21.0,209698816,0,0.0,8,57.6,500.004288,0.0,0,1269019136,943121920,3853443,296206072,223,2255383,2024-11-25 13:25:34
0.0,1500.0,56.75,0.705078125,0.830078125,0.54736328125,8439283712,1442496512,21.0,209698816,0,0.0,8,57.1,500.004288,0.0,0,1269019136,943121920,3853443,296206198,223,2255548,2024-11-25 13:25:34
2.0,1500.0,57.3,0.705078125,0.830078125,0.54736328125,8439283712,1442496512,21.0,209698816,0,0.0,8,57.1,500.004288,0.0,0,1269019136,943121920,3853443,296206240,223,2255698,2024-11-25 13:25:34
0.0,1500.0,56.75,0.705078125,0.830078125,0.54736328125,8439283712,1442480128,21.0,209698816,0,0.0,8,57.6,500.004288,0.0,0,1269019136,943121920,3853443,296206366,223,2255860,2024-11-25 13:25:34
2.1,1500.0,56.75,0.705078125,0.830078125,0.54736328125,8439283712,1442480128,21.0,209698816,0,0.0,8,57.1,500.007584,0.0,0,1269019136,943121920,3853443,296206408,223,2256016,2024-11-25 13:25:34
0.0,1500.0,56.75,0.705078125,0.830078125,0.54736328125,8439283712,1442480128,21.0,209698816,0,0.0,8,57.6,500.004288,0.0,0,1269019136,943494656,3853443,296206492,223,2256231,2024-11-25 13:25:34
0.0,1500.0,56.2,0.705078125,0.830078125,0.54736328125,8439283712,1442480128,21.0,209698816,0,0.0,8,57.1,500.004288,0.0,0,1269019136,943494656,3853443,296206492,223,2256331,2024-11-25 13:25:35
4.1,1500.0,55.65,0.705078125,0.830078125,0.54736328125,8439283712,1442480128,21.0,209698816,0,0.0,8,56.0,500.000992,0.0,0,1269019136,943494656,3853443,296206534,223,2256498,2024-11-25 13:25:35
0.0,1500.0,56.75,0.705078125,0.830078125,0.54736328125,8439283712,1442480128,21.0,209698816,0,0.0,8,57.1,500.007584,0.0,0,1269019136,943494656,3853443,296206618,223,2256640,2024-11-25 13:25:35
2.0,1500.0,55.65,0.705078125,0.830078125,0.54736328125,8439283712,1442480128,21.0,209698816,0,0.0,8,56.0,500.004288,0.0,0,1269019136,943494656,3853443,296206660,223,2256780,2024-11-25 13:25:35
0.0,1500.0,56.2,0.705078125,0.830078125,0.54736328125,8439283712,1442480128,21.0,209698816,0,0.0,8,56.5,500.000992,0.0,0,1269019136,943494656,3853443,296206702,223,2256926,2024-11-25 13:25:35
4.0,1500.0,55.65,0.705078125,0.830078125,0.54736328125,8439283712,1442480128,21.0,209698816,0,0.0,8,56.5,500.004288,0.0,0,1269019136,943494656,3853443,296206744,223,2257061,2024-11-25 13:25:35
0.0,1500.0,57.3,0.705078125,0.830078125,0.54736328125,8439283712,1442480128,21.0,209698816,0,0.0,8,57.6,500.004288,0.0,0,1269019136,943494656,3853443,296206828,223,2257225,2024-11-25 13:25:35
2.0,1500.0,55.65,0.705078125,0.830078125,0.54736328125,8439283712,1442480128,21.0,209698816,0,0.0,8,56.0,500.004288,0.0,0,1269019136,943494656,3853443,296206912,223,2257416,2024-11-25 13:25:35
2.1,1500.0,56.2,0.705078125,0.830078125,0.54736328125,8439283712,1442480128,21.0,209698816,0,0.0,8,56.5,500.004288,0.0,0,1269019136,943494656,3853443,296206954,223,2257567,2024-11-25 13:25:36
0.0,1500.0,56.2,0.705078125,0.830078125,0.54736328125,8439283712,1442480128,21.0,209698816,0,0.0,8,56.5,500.004288,0.0,0,1269019136,943494656,3853443,296206954,223,2257668,2024-11-25 13:25:36
0.0,1500.0,56.2,0.705078125,0.830078125,0.54736328125,8439283712,1442480128,21.0,209698816,0,0.0,8,57.6,500.000992,0.0,0,1269019136,943494656,3853443,296206954,223,2257768,2024-11-25 13:25:36
2.1,1500.0,56.2,0.705078125,0.830078125,0.54736328125,8439283712,1442480128,21.0,209698816,0,0.0,8,57.6,500.007584,0.0,0,1269019136,943494656,3853443,296206996,223,2257928,2024-11-25 13:25:36
4.0,1500.0,56.75,0.6484375,0.81591796875,0.5439453125,8439283712,1442480128,21.0,209698816,0,0.0,8,56.5,500.004288,0.0,0,1269019136,943494656,3853443,296206996,223,2258034,2024-11-25 13:25:36
2.0,1500.0,56.2,0.6484375,0.81591796875,0.5439453125,8439283712,1442480128,21.0,209698816,0,0.0,8,57.1,500.004288,0.0,0,1269019136,943494656,3853443,296207080,223,2258191,2024-11-25 13:25:36
0.0,1500.0,56.75,0.6484375,0.81591796875,0.5439453125,8439283712,1442480128,21.0,209698816,0,0.0,8,57.1,500.004288,0.0,0,1269019136,943494656,3853443,296207080,223,2258315,2024-11-25 13:25:36
0.0,1500.0,56.75,0.6484375,0.81591796875,0.5439453125,8439283712,1442480128,21.0,209698816,0,0.0,8,57.1,500.004288,0.0,0,1269019136,943494656,3853443,296207080,223,2258445,2024-11-25 13:25:36
2.0,1500.0,55.65,0.6484375,0.81591796875,0.5439453125,8439283712,1442480128,21.0,209698816,0,0.0,8,56.0,500.004288,0.0,0,1269019136,943494656,3853443,296207080,223,2258547,2024-11-25 13:25:37
2.0,1500.0,56.75,0.6484375,0.81591796875,0.5439453125,8439283712,1442480128,21.0,209698816,0,0.0,8,56.5,500.004288,0.0,0,1269019136,943494656,3853539,296207294,223,2258729,2024-11-25 13:25:37
2.1,1500.0,55.1,0.6484375,0.81591796875,0.5439453125,8439283712,1442725888,21.0,209698816,0,0.0,8,57.1,500.007584,0.0,0,1269019136,943494656,3853539,296207336,223,2258850,2024-11-25 13:25:37
2.0,1500.0,56.2,0.6484375,0.81591796875,0.5439453125,8439283712,1442725888,21.0,209698816,0,0.0,8,57.1,500.007584,0.0,0,1269019136,943494656,3853539,296207420,223,2259021,2024-11-25 13:25:37
0.0,1500.0,56.75,0.6484375,0.81591796875,0.5439453125,8439283712,1442725888,21.0,209698816,0,0.0,8,56.0,500.000992,0.0,0,1269019136,943494656,3853539,296207420,223,2259116,2024-11-25 13:25:37
0.0,1500.0,56.2,0.6484375,0.81591796875,0.5439453125,8439283712,1442725888,21.0,209698816,0,0.0,8,56.5,500.000992,0.0,0,1269019136,943494656,3853539,296207504,223,2259271,2024-11-25 13:25:37
2.0,1500.0,56.75,0.6484375,0.81591796875,0.5439453125,8439283712,1442725888,21.0,209698816,0,0.0,8,57.1,500.004288,0.0,0,1269019136,943494656,3853539,296207546,223,2259416,2024-11-25 13:25:37
2.1,1500.0,56.2,0.6484375,0.81591796875,0.5439453125,8439283712,1442725888,21.0,209698816,0,0.0,8,56.5,500.004288,0.0,0,1269019136,943498752,3853539,296207588,223,2259691,2024-11-25 13:25:37
0.0,1500.0,56.75,0.6484375,0.81591796875,0.5439453125,8439283712,1442725888,21.0,209698816,0,0.0,8,56.0,500.004288,0.0,0,1269019136,943498752,3853539,296207588,223,2259803,2024-11-25 13:25:38
2.0,1500.0,57.3,0.6484375,0.81591796875,0.5439453125,8439283712,1442725888,21.0,209698816,0,0.0,8,57.1,500.007584,0.0,0,1269019136,943498752,3853539,296207672,223,2259933,2024-11-25 13:25:38
2.0,1500.0,56.75,0.6484375,0.81591796875,0.5439453125,8439283712,1442725888,21.0,209698816,0,0.0,8,56.5,500.007584,0.0,0,1269019136,943498752,3853539,296207798,223,2260115,2024-11-25 13:25:38
0.0,1500.0,55.65,0.6484375,0.81591796875,0.5439453125,8439283712,1442725888,21.0,209698816,0,0.0,8,57.1,500.004288,0.0,0,1269019136,943498752,3853539,296207840,223,2260261,2024-11-25 13:25:38
0.0,1500.0,56.2,0.6484375,0.81591796875,0.5439453125,8439283712,1442709504,21.0,209698816,0,0.0,8,57.1,500.004288,0.0,0,1269019136,943552000,3853539,296207882,223,2260438,2024-11-25 13:25:38
0.0,1500.0,56.75,0.6484375,0.81591796875,0.5439453125,8439283712,1442709504,21.0,209698816,0,0.0,8,57.1,500.004288,0.0,0,1269019136,943552000,3853539,296207924,223,2260566,2024-11-25 13:25:38
4.1,1500.0,55.65,0.6484375,0.81591796875,0.5439453125,8439283712,1442463744,21.0,209698816,0,0.0,8,56.0,500.004288,0.0,0,1269019136,943552000,3853539,296207966,223,2260694,2024-11-25 13:25:38
2.0,1500.0,56.75,0.6484375,0.81591796875,0.5439453125,8439283712,1442463744,21.0,209698816,0,0.0,8,57.1,500.004288,0.0,0,1269019136,943552000,3853539,296208050,223,2260857,2024-11-25 13:25:38
0.0,1500.0,57.3,0.6484375,0.81591796875,0.5439453125,8439283712,1442463744,21.0,209698816,0,0.0,8,56.5,500.004288,0.0,0,1269019136,943552000,3853539,296208050,223,2260971,2024-11-25 13:25:38
0.0,1500.0,56.75,0.6484375,0.81591796875,0.5439453125,8439283712,1442463744,21.0,209698816,0,0.0,8,56.0,500.004288,0.0,0,1269019136,943552000,3853539,296208050,223,2261057,2024-11-25 13:25:39
5.9,1500.0,55.65,0.6484375,0.81591796875,0.5439453125,8439283712,1442463744,21.0,209698816,0,0.0,8,57.1,500.004288,0.0,0,1269019136,943552000,3853539,296208050,223,2261179,2024-11-25 13:25:39
0.0,1500.0,55.1,0.6484375,0.81591796875,0.5439453125,8439283712,1442463744,21.0,209698816,0,0.0,8,55.4,500.004288,0.0,0,1269019136,943552000,3853539,296208050,223,2261270,2024-11-25 13:25:39
0.0,1500.0,56.75,0.6484375,0.81591796875,0.5439453125,8439283712,1442463744,21.0,209698816,0,0.0,8,56.0,500.004288,0.0,0,1269019136,943552000,3853539,296208092,223,2261410,2024-11-25 13:25:39
0.0,1500.0,56.2,0.6484375,0.81591796875,0.5439453125,8439283712,1442463744,21.0,209698816,0,0.0,8,56.5,500.004288,0.0,0,1269019136,943552000,3853539,296208092,223,2261508,2024-11-25 13:25:39
4.0,1500.0,56.2,0.6484375,0.81591796875,0.5439453125,8439283712,1442463744,21.0,209698816,0,0.0,8,56.5,500.004288,0.0,0,1269019136,943552000,3853539,296208092,223,2261601,2024-11-25 13:25:39
0.0,1500.0,56.2,0.6484375,0.81591796875,0.5439453125,8439283712,1442463744,21.0,209698816,0,0.0,8,56.5,500.004288,0.0,0,1269019136,943552000,3853539,296208176,223,2261759,2024-11-25 13:25:39
2.0,1500.0,55.65,0.6484375,0.81591796875,0.5439453125,8439283712,1442463744,21.0,209698816,0,0.0,8,57.6,500.004288,0.0,0,1269019136,943552000,3853539,296208218,223,2261895,2024-11-25 13:25:39
0.0,1500.0,55.1,0.6484375,0.81591796875,0.5439453125,8439283712,1442463744,21.0,209698816,0,0.0,8,56.5,500.004288,0.0,0,1269019136,943552000,3853539,296208218,223,2261997,2024-11-25 13:25:40
4.0,1500.0,55.1,0.6484375,0.81591796875,0.5439453125,8439283712,1442463744,21.0,209698816,0,0.0,8,56.5,500.004288,0.0,0,1269019136,943552000,3853539,296208260,223,2262132,2024-11-25 13:25:40
2.1,1500.0,56.2,0.6484375,0.81591796875,0.5439453125,8439283712,1442463744,21.0,209698816,0,0.0,8,56.5,500.007584,0.0,0,1269019136,943552000,3853539,296208260,223,2262223,2024-11-25 13:25:40
0.0,1500.0,55.65,0.6484375,0.81591796875,0.5439453125,8439283712,1442463744,21.0,209698816,0,0.0,8,56.5,500.004288,0.0,0,1269019136,943552000,3853539,296208260,223,2262337,2024-11-25 13:25:40
2.0,1500.0,54.55,0.6484375,0.81591796875,0.5439453125,8439283712,1442463744,21.0,209698816,0,0.0,8,54.9,500.004288,0.0,0,1269019136,943552000,3853539,296208302,223,2262456,2024-11-25 13:25:40
2.1,1500.0,56.2,0.6484375,0.81591796875,0.5439453125,8439283712,1442463744,21.0,209698816,0,0.0,8,56.5,500.004288,0.0,0,1269019136,943552000,3853539,296208302,223,2262562,2024-11-25 13:25:40
0.0,1500.0,57.3,0.6484375,0.81591796875,0.5439453125,8439283712,1442463744,21.0,209698816,0,0.0,8,56.5,500.007584,0.0,0,1269019136,943552000,3853539,296208302,223,2262680,2024-11-25 13:25:40
8.3,1500.0,56.75,0.6484375,0.81591796875,0.5439453125,8439283712,1442463744,21.0,209698816,0,0.0,8,56.5,500.004288,0.0,0,1269019136,943552000,3853539,296208302,223,2262858,2024-11-25 13:25:40
4.0,1900.0,55.65,0.6484375,0.81591796875,0.5439453125,8439283712,1442463744,21.0,209698816,0,0.0,8,57.1,682.227904,0.0,0,1269019136,943552000,3853539,296208302,223,2262965,2024-11-25 13:25:41
2.1,1500.0,56.2,0.6484375,0.81591796875,0.5439453125,8439283712,1442463744,21.0,209698816,0,0.0,8,56.5,500.004288,0.0,0,1269019136,943552000,3853539,296208344,223,2263069,2024-11-25 13:25:41
0.0,1500.0,56.2,0.6484375,0.81591796875,0.5439453125,8439283712,1442463744,21.0,209698816,0,0.0,8,56.5,500.004288,0.0,0,1269019136,943552000,3853539,296208512,223,2263248,2024-11-25 13:25:41
2.0,1500.0,56.75,0.6484375,0.81591796875,0.5439453125,8439283712,1442463744,21.0,209698816,0,0.0,8,57.1,500.004288,0.0,0,1269019136,943552000,3853539,296208596,223,2263403,2024-11-25 13:25:41
0.0,1500.0,56.2,0.6484375,0.81591796875,0.5439453125,8439283712,1442463744,21.0,209698816,0,0.0,8,56.5,500.007584,0.0,0,1269019136,943552000,3853539,296208638,223,2263512,2024-11-25 13:25:41
0.0,1500.0,56.2,0.6767578125,0.8193359375,0.546875,8439283712,1442463744,21.0,209698816,0,0.0,8,56.0,500.007584,0.0,0,1269019136,943552000,3853539,296208764,223,2263641,2024-11-25 13:25:41
4.0,1500.0,56.2,0.6767578125,0.8193359375,0.546875,8439283712,1442463744,21.0,209698816,0,0.0,8,56.0,500.007584,0.0,0,1269019136,943552000,3853539,296208848,223,2263767,2024-11-25 13:25:41
0.0,1500.0,55.65,0.6767578125,0.8193359375,0.546875,8439283712,1442463744,21.0,209698816,0,0.0,8,56.5,500.007584,0.0,0,1269019136,943552000,3853539,296208848,223,2263856,2024-11-25 13:25:41
0.0,1500.0,55.1,0.6767578125,0.8193359375,0.546875,8439283712,1442463744,21.0,209698816,0,0.0,8,55.4,500.007584,0.0,0,1269019136,943552000,3853539,296208890,223,2263958,2024-11-25 13:25:42
2.0,1500.0,56.75,0.6767578125,0.8193359375,0.546875,8439283712,1442463744,21.0,209698816,0,0.0,8,56.5,500.007584,0.0,0,1269019136,943552000,3853539,296208974,223,2264087,2024-11-25 13:25:42
2.1,1500.0,55.65,0.6767578125,0.8193359375,0.546875,8439283712,1442463744,21.0,209698816,0,0.0,8,57.6,500.007584,0.0,0,1269019136,943552000,3853539,296208974,223,2264159,2024-11-25 13:25:42
0.0,1500.0,57.3,0.6767578125,0.8193359375,0.546875,8439283712,1442463744,21.0,209698816,0,0.0,8,56.0,500.007584,0.0,0,1269019136,943552000,3853539,296209016,223,2264271,2024-11-25 13:25:42
4.0,1500.0,56.2,0.6767578125,0.8193359375,0.546875,8439283712,1442463744,21.0,209698816,0,0.0,8,56.5,500.007584,0.0,0,1269019136,943552000,3853539,296209100,223,2264397,2024-11-25 13:25:42
0.0,1500.0,56.2,0.6767578125,0.8193359375,0.546875,8439283712,1442463744,21.0,209698816,0,0.0,8,56.5,500.007584,0.0,0,1269019136,943552000,3853539,296209184,223,2264524,2024-11-25 13:25:42
2.0,1500.0,55.65,0.6767578125,0.8193359375,0.546875,8439283712,1442463744,21.0,209698816,0,0.0,8,55.4,500.007584,0.0,0,1269019136,943552000,3853539,296209226,223,2264628,2024-11-25 13:25:42
0.0,1500.0,56.2,0.6767578125,0.8193359375,0.546875,8439283712,1442463744,21.0,209698816,0,0.0,8,56.0,500.007584,0.0,0,1269019136,943552000,3853539,296209310,223,2264754,2024-11-25 13:25:42
2.1,1500.0,55.65,0.6767578125,0.8193359375,0.546875,8439283712,1442463744,21.0,209698816,0,0.0,8,56.5,500.007584,0.0,0,1269019136,943552000,3853539,296209310,223,2264855,2024-11-25 13:25:42
4.0,1500.0,55.1,0.6767578125,0.8193359375,0.546875,8439283712,1442463744,21.0,209698816,0,0.0,8,55.4,500.007584,0.0,0,1269019136,943552000,3853539,296209394,223,2264966,2024-11-25 13:25:43
0.0,1500.0,57.3,0.6767578125,0.8193359375,0.546875,8439283712,1442463744,21.0,209698816,0,0.0,8,57.1,500.007584,0.0,0,1269019136,943552000,3853539,296209394,223,2265050,2024-11-25 13:25:43
0.0,1500.0,55.1,0.6767578125,0.8193359375,0.546875,8439283712,1442463744,21.0,209698816,0,0.0,8,56.5,500.004288,0.0,0,1269019136,943552000,3853539,296209394,223,2265139,2024-11-25 13:25:43
2.0,1500.0,54.55,0.6767578125,0.8193359375,0.546875,8439283712,1442463744,21.0,209698816,0,0.0,8,57.1,500.004288,0.0,0,1269019136,943552000,3853539,296209394,223,2265225,2024-11-25 13:25:43
2.0,1500.0,56.2,0.6767578125,0.8193359375,0.546875,8439283712,1442463744,21.0,209698816,0,0.0,8,54.9,500.007584,0.0,0,1269019136,943552000,3853539,296209436,223,2265324,2024-11-25 13:25:43
0.0,1500.0,55.65,0.6767578125,0.8193359375,0.546875,8439283712,1442463744,21.0,209698816,0,0.0,8,56.0,500.007584,0.0,0,1269019136,943568384,3853539,296209478,223,2265459,2024-11-25 13:25:43
2.1,1500.0,55.1,0.6767578125,0.8193359375,0.546875,8439283712,1442447360,21.0,209698816,0,0.0,8,56.0,500.007584,0.0,0,1269019136,943568384,3853539,296209604,223,2265609,2024-11-25 13:25:43
2.0,1500.0,56.2,0.6767578125,0.8193359375,0.546875,8439283712,1442447360,21.0,209698816,0,0.0,8,55.4,500.007584,0.0,0,1269019136,943568384,3853539,296209646,223,2265864,2024-11-25 13:25:43
0.0,1500.0,56.2,0.6767578125,0.8193359375,0.546875,8439283712,1442447360,21.0,209698816,0,0.0,8,55.4,500.007584,0.0,0,1269019136,943568384,3853539,296209688,223,2266016,2024-11-25 13:25:44
4.1,1500.0,55.1,0.6767578125,0.8193359375,0.546875,8439283712,1442447360,21.0,209698816,0,0.0,8,56.5,500.007584,0.0,0,1269019136,943568384,3853539,296209856,223,2266180,2024-11-25 13:25:44
0.0,1500.0,56.2,0.6767578125,0.8193359375,0.546875,8439283712,1442447360,21.0,209698816,0,0.0,8,56.5,500.004288,0.0,0,1269019136,943568384,3853539,296209898,223,2266308,2024-11-25 13:25:44
0.0,1500.0,56.2,0.6767578125,0.8193359375,0.546875,8439283712,1442447360,21.0,209698816,0,0.0,8,56.5,500.007584,0.0,0,1269019136,943568384,3853539,296209898,223,2266423,2024-11-25 13:25:44
2.1,1500.0,56.2,0.6767578125,0.8193359375,0.546875,8439283712,1442430976,21.0,209698816,0,0.0,8,56.5,500.007584,0.0,0,1269019136,943568384,3853539,296210024,223,2266566,2024-11-25 13:25:44
0.0,1500.0,55.65,0.6767578125,0.8193359375,0.546875,8439283712,1442430976,21.0,209698816,0,0.0,8,56.5,500.007584,0.0,0,1269019136,943568384,3853539,296210108,223,2266721,2024-11-25 13:25:44
2.0,1500.0,55.65,0.6767578125,0.8193359375,0.546875,8439283712,1442430976,21.0,209698816,0,0.0,8,56.5,500.004288,0.0,0,1269019136,943568384,3853539,296210192,223,2266879,2024-11-25 13:25:44
0.0,1500.0,55.1,0.6767578125,0.8193359375,0.546875,8439283712,1442430976,21.0,209698816,0,0.0,8,56.5,500.007584,0.0,0,1269019136,943568384,3853539,296210192,223,2266986,2024-11-25 13:25:44
6.0,1500.0,56.2,0.6767578125,0.8193359375,0.546875,8439283712,1442414592,21.0,209698816,0,0.0,8,54.9,500.007584,0.0,0,1269019136,943609344,3853749,296210557,223,2267251,2024-11-25 13:25:45
0.0,1500.0,55.65,0.6767578125,0.8193359375,0.546875,8439283712,1442414592,21.0,209698816,0,0.0,8,56.0,500.007584,0.0,0,1269019136,943609344,3853749,296210725,223,2267448,2024-11-25 13:25:45
0.0,1500.0,55.65,0.6767578125,0.8193359375,0.546875,8439283712,1442414592,21.0,209698816,0,0.0,8,56.0,500.007584,0.0,0,1269019136,943609344,3853749,296210809,223,2267617,2024-11-25 13:25:45
4.1,1500.0,55.65,0.6767578125,0.8193359375,0.546875,8439283712,1442414592,21.0,209698816,0,0.0,8,57.1,500.007584,0.0,0,1269019136,943609344,3853749,296210851,223,2267769,2024-11-25 13:25:45
0.0,1500.0,55.65,0.6767578125,0.8193359375,0.546875,8439283712,1442414592,21.0,209698816,0,0.0,8,56.5,500.007584,0.0,0,1269019136,943609344,3853749,296210893,223,2267879,2024-11-25 13:25:45
2.0,1500.0,55.1,0.6767578125,0.8193359375,0.546875,8439283712,1442414592,21.0,209698816,0,0.0,8,56.0,500.007584,0.0,0,1269019136,943609344,3853749,296210893,223,2267986,2024-11-25 13:25:45
2.0,1500.0,55.65,0.6767578125,0.8193359375,0.546875,8439283712,1442414592,21.0,209698816,0,0.0,8,56.5,500.007584,0.0,0,1269019136,943609344,3853749,296210893,223,2268088,2024-11-25 13:25:45
0.0,1500.0,55.65,0.6767578125,0.8193359375,0.546875,8439283712,1442430976,21.0,209698816,0,0.0,8,56.5,500.007584,0.0,0,1269019136,943609344,3853749,296210977,223,2268259,2024-11-25 13:25:45
0.0,1500.0,56.2,0.6767578125,0.8193359375,0.546875,8439283712,1442430976,21.0,209698816,0,0.0,8,56.5,500.007584,0.0,0,1269019136,943609344,3853749,296211061,223,2268422,2024-11-25 13:25:46
0.0,1500.0,55.65,0.6767578125,0.8193359375,0.546875,8439283712,1442430976,21.0,209698816,0,0.0,8,56.0,500.007584,0.0,0,1269019136,943609344,3853749,296211187,223,2268586,2024-11-25 13:25:46
4.1,1500.0,55.1,0.6767578125,0.8193359375,0.546875,8439283712,1442430976,21.0,209698816,0,0.0,8,57.1,500.007584,0.0,0,1269019136,943609344,3853749,296211187,223,2268681,2024-11-25 13:25:46
2.0,1500.0,55.1,0.6767578125,0.8193359375,0.546875,8439283712,1442430976,21.0,209698816,0,0.0,8,56.5,500.007584,0.0,0,1269019136,943609344,3853749,296211229,223,2268830,2024-11-25 13:25:46
0.0,1500.0,55.65,0.6767578125,0.8193359375,0.546875,8439283712,1442430976,21.0,209698816,0,0.0,8,56.5,500.004288,0.0,0,1269019136,943609344,3853749,296211229,223,2268939,2024-11-25 13:25:46
4.0,1500.0,55.65,0.703125,0.82275390625,0.54931640625,8439283712,1442430976,21.0,209698816,0,0.0,8,56.5,500.007584,0.0,0,1269019136,943609344,3853749,296211313,223,2269093,2024-11-25 13:25:46
0.0,1500.0,55.65,0.703125,0.82275390625,0.54931640625,8439283712,1442430976,21.0,209698816,0,0.0,8,56.0,500.007584,0.0,0,1269019136,943609344,3853749,296211313,223,2269189,2024-11-25 13:25:46
0.0,1500.0,56.2,0.703125,0.82275390625,0.54931640625,8439283712,1442430976,21.0,209698816,0,0.0,8,56.5,500.007584,0.0,0,1269019136,943609344,3853749,296211355,223,2269330,2024-11-25 13:25:46
0.0,1500.0,55.1,0.703125,0.82275390625,0.54931640625,8439283712,1442430976,21.0,209698816,0,0.0,8,56.5,500.007584,0.0,0,1269019136,943609344,3853749,296211439,223,2269497,2024-11-25 13:25:46
4.0,1500.0,54.55,0.703125,0.82275390625,0.54931640625,8439283712,1442430976,21.0,209698816,0,0.0,8,56.0,500.007584,0.0,0,1269019136,943609344,3853749,296211523,223,2269644,2024-11-25 13:25:47
0.0,1500.0,56.2,0.703125,0.82275390625,0.54931640625,8439283712,1442430976,21.0,209698816,0,0.0,8,54.3,500.004288,0.0,0,1269019136,943609344,3853749,296211565,223,2269778,2024-11-25 13:25:47
0.0,1500.0,55.1,0.703125,0.82275390625,0.54931640625,8439283712,1442430976,21.0,209698816,0,0.0,8,56.0,500.007584,0.0,0,1269019136,943609344,3853749,296211565,223,2269879,2024-11-25 13:25:47
4.0,1500.0,54.55,0.703125,0.82275390625,0.54931640625,8439283712,1442430976,21.0,209698816,0,0.0,8,56.5,500.007584,0.0,0,1269019136,943609344,3853749,296211565,223,2269994,2024-11-25 13:25:47
2.1,1500.0,55.65,0.703125,0.82275390625,0.54931640625,8439283712,1442430976,21.0,209698816,0,0.0,8,56.0,500.007584,0.0,0,1269019136,943609344,3853749,296211565,223,2270094,2024-11-25 13:25:47
0.0,1500.0,54.55,0.703125,0.82275390625,0.54931640625,8439283712,1442430976,21.0,209698816,0,0.0,8,54.9,500.007584,0.0,0,1269019136,943609344,3853749,296211565,223,2270198,2024-11-25 13:25:47
0.0,1500.0,56.2,0.703125,0.82275390625,0.54931640625,8439283712,1442430976,21.0,209698816,0,0.0,8,56.5,500.007584,0.0,0,1269019136,943609344,3853749,296211607,223,2270329,2024-11-25 13:25:47
2.1,1500.0,55.1,0.703125,0.82275390625,0.54931640625,8439283712,1442430976,21.0,209698816,0,0.0,8,56.5,500.007584,0.0,0,1269019136,943609344,3853749,296211607,223,2270448,2024-11-25 13:25:47
2.0,1500.0,54.55,0.703125,0.82275390625,0.54931640625,8439283712,1442430976,21.0,209698816,0,0.0,8,56.0,500.007584,0.0,0,1269019136,943609344,3853749,296211733,223,2270606,2024-11-25 13:25:48
2.0,1500.0,55.65,0.703125,0.82275390625,0.54931640625,8439283712,1442430976,21.0,209698816,0,0.0,8,56.0,500.007584,0.0,0,1269019136,943609344,3853749,296211733,223,2270720,2024-11-25 13:25:48
0.0,1500.0,54.55,0.703125,0.82275390625,0.54931640625,8439283712,1442430976,21.0,209698816,0,0.0,8,56.5,500.007584,0.0,0,1269019136,943609344,3853749,296211817,223,2270864,2024-11-25 13:25:48
2.0,1500.0,55.1,0.703125,0.82275390625,0.54931640625,8439283712,1442430976,21.0,209698816,0,0.0,8,56.5,500.007584,0.0,0,1269019136,943609344,3853749,296211985,223,2271062,2024-11-25 13:25:48
0.0,1500.0,55.1,0.703125,0.82275390625,0.54931640625,8439283712,1442430976,21.0,209698816,0,0.0,8,55.4,500.007584,0.0,0,1269019136,943609344,3853749,296212027,223,2271172,2024-11-25 13:25:48
0.0,1500.0,55.1,0.703125,0.82275390625,0.54931640625,8439283712,1442430976,21.0,209698816,0,0.0,8,55.4,500.007584,0.0,0,1269019136,943609344,3853749,296212069,223,2271310,2024-11-25 13:25:48
0.0,1500.0,55.65,0.703125,0.82275390625,0.54931640625,8439283712,1442430976,21.0,209698816,0,0.0,8,56.0,500.007584,0.0,0,1269019136,943609344,3853749,296212237,223,2271488,2024-11-25 13:25:48
5.9,1500.0,55.65,0.703125,0.82275390625,0.54931640625,8439283712,1442430976,21.0,209698816,0,0.0,8,56.0,500.007584,0.0,0,1269019136,943609344,3853749,296212237,223,2271591,2024-11-25 13:25:48
0.0,1500.0,55.65,0.703125,0.82275390625,0.54931640625,8439283712,1442430976,21.0,209698816,0,0.0,8,56.0,500.007584,0.0,0,1269019136,943609344,3853749,296212237,223,2271687,2024-11-25 13:25:49
0.0,1500.0,55.65,0.703125,0.82275390625,0.54931640625,8439283712,1442430976,21.0,209698816,0,0.0,8,55.4,500.007584,0.0,0,1269019136,943609344,3853749,296212279,223,2271806,2024-11-25 13:25:49
2.0,1500.0,55.65,0.703125,0.82275390625,0.54931640625,8439283712,1442430976,21.0,209698816,0,0.0,8,57.1,500.007584,0.0,0,1269019136,943609344,3853749,296212321,223,2271969,2024-11-25 13:25:49
2.0,1500.0,56.2,0.703125,0.82275390625,0.54931640625,8439283712,1442430976,21.0,209698816,0,0.0,8,56.5,500.007584,0.0,0,1269019136,943609344,3853749,296212321,223,2272082,2024-11-25 13:25:49
2.1,1500.0,54.55,0.703125,0.82275390625,0.54931640625,8439283712,1442430976,21.0,209698816,0,0.0,8,54.9,500.007584,0.0,0,1269019136,943609344,3853749,296212363,223,2272206,2024-11-25 13:25:49
0.0,1500.0,55.65,0.703125,0.82275390625,0.54931640625,8439283712,1442430976,21.0,209698816,0,0.0,8,55.4,500.004288,0.0,0,1269019136,943609344,3853749,296212405,223,2272354,2024-11-25 13:25:49
4.0,1500.0,55.1,0.703125,0.82275390625,0.54931640625,8439283712,1442430976,21.0,209698816,0,0.0,8,56.5,500.007584,0.0,0,1269019136,943609344,3853749,296212573,223,2272502,2024-11-25 13:25:49
0.0,1500.0,56.2,0.703125,0.82275390625,0.54931640625,8439283712,1442430976,21.0,209698816,0,0.0,8,54.9,500.007584,0.0,0,1269019136,943609344,3853749,296212867,223,2272864,2024-11-25 13:25:49
2.0,1500.0,56.2,0.703125,0.82275390625,0.54931640625,8439283712,1442430976,21.0,209698816,0,0.0,8,56.5,500.007584,0.0,0,1269019136,943609344,3853749,296212867,223,2272980,2024-11-25 13:25:50
0.0,1500.0,56.2,0.703125,0.82275390625,0.54931640625,8439283712,1442430976,21.0,209698816,0,0.0,8,54.9,500.007584,0.0,0,1269019136,943609344,3853791,296212951,223,2273142,2024-11-25 13:25:50
4.0,1500.0,55.65,0.703125,0.82275390625,0.54931640625,8439283712,1442414592,21.0,209698816,0,0.0,8,56.0,500.007584,0.0,0,1269019136,943625728,3853791,296212993,223,2273315,2024-11-25 13:25:50
2.1,1500.0,55.1,0.703125,0.82275390625,0.54931640625,8439283712,1442414592,21.0,209698816,0,0.0,8,55.4,500.007584,0.0,0,1269019136,943625728,3853791,296213035,223,2273434,2024-11-25 13:25:50
0.0,1500.0,55.1,0.703125,0.82275390625,0.54931640625,8439283712,1442414592,21.0,209698816,0,0.0,8,55.4,500.007584,0.0,0,1269019136,943625728,3853791,296213119,223,2273602,2024-11-25 13:25:50
2.0,1500.0,56.2,0.703125,0.82275390625,0.54931640625,8439283712,1442414592,21.0,209698816,0,0.0,8,56.0,500.007584,0.0,0,1269019136,943625728,3853791,296213245,223,2273763,2024-11-25 13:25:50
0.0,1500.0,56.2,0.703125,0.82275390625,0.54931640625,8439283712,1442414592,21.0,209698816,0,0.0,8,56.0,500.007584,0.0,0,1269019136,943625728,3853791,296213245,223,2273859,2024-11-25 13:25:50
0.0,1500.0,55.1,0.703125,0.82275390625,0.54931640625,8439283712,1442414592,21.0,209698816,0,0.0,8,55.4,500.007584,0.0,0,1269019136,943625728,3853791,296213287,223,2273991,2024-11-25 13:25:50
0.0,1500.0,55.1,0.703125,0.82275390625,0.54931640625,8439283712,1442414592,21.0,209698816,0,0.0,8,55.4,500.007584,0.0,0,1269019136,943625728,3853791,296213371,223,2274151,2024-11-25 13:25:50
6.0,1500.0,55.65,0.703125,0.82275390625,0.54931640625,8439283712,1442414592,21.0,209698816,0,0.0,8,54.9,500.007584,0.0,0,1269019136,943625728,3853791,296213413,223,2274274,2024-11-25 13:25:51
0.0,1500.0,56.2,0.703125,0.82275390625,0.54931640625,8439283712,1442414592,21.0,209698816,0,0.0,8,56.5,500.004288,0.0,0,1269019136,943625728,3853791,296213455,223,2274414,2024-11-25 13:25:51
0.0,1500.0,53.45,0.703125,0.82275390625,0.54931640625,8439283712,1442414592,21.0,209698816,0,0.0,8,53.8,500.004288,0.0,0,1269019136,943625728,3853791,296213539,223,2274584,2024-11-25 13:25:51
2.1,1500.0,55.1,0.703125,0.82275390625,0.54931640625,8439283712,1442414592,21.0,209698816,0,0.0,8,56.0,500.007584,0.0,0,1269019136,943625728,3853791,296213581,223,2274737,2024-11-25 13:25:51
2.0,1500.0,55.65,0.646484375,0.80908203125,0.5458984375,8439283712,1442414592,21.0,209698816,0,0.0,8,57.1,500.007584,0.0,0,1269019136,943625728,3853791,296213707,223,2274902,2024-11-25 13:25:51
0.0,1500.0,56.2,0.646484375,0.80908203125,0.5458984375,8439283712,1442414592,21.0,209698816,0,0.0,8,56.0,500.007584,0.0,0,1269019136,943625728,3853791,296213791,223,2275055,2024-11-25 13:25:51
2.0,1500.0,55.65,0.646484375,0.80908203125,0.5458984375,8439283712,1442414592,21.0,209698816,0,0.0,8,57.1,500.007584,0.0,0,1269019136,943625728,3853791,296213833,223,2275204,2024-11-25 13:25:51
2.1,1500.0,54.55,0.646484375,0.80908203125,0.5458984375,8439283712,1442414592,21.0,209698816,0,0.0,8,56.0,500.007584,0.0,0,1269019136,943625728,3853791,296214001,223,2275378,2024-11-25 13:25:51
2.0,1500.0,56.2,0.646484375,0.80908203125,0.5458984375,8439283712,1442414592,21.0,209698816,0,0.0,8,56.5,500.007584,0.0,0,1269019136,943625728,3853791,296214001,223,2275487,2024-11-25 13:25:52
0.0,1500.0,55.65,0.646484375,0.80908203125,0.5458984375,8439283712,1442414592,21.0,209698816,0,0.0,8,56.0,500.007584,0.0,0,1269019136,943625728,3853791,296214001,223,2275591,2024-11-25 13:25:52
2.1,1500.0,55.65,0.646484375,0.80908203125,0.5458984375,8439283712,1442414592,21.0,209698816,0,0.0,8,56.0,500.004288,0.0,0,1269019136,943625728,3853791,296214043,223,2275727,2024-11-25 13:25:52
0.0,1500.0,56.2,0.646484375,0.80908203125,0.5458984375,8439283712,1442414592,21.0,209698816,0,0.0,8,56.0,500.007584,0.0,0,1269019136,943625728,3853791,296214169,223,2275893,2024-11-25 13:25:52
2.0,1500.0,55.65,0.646484375,0.80908203125,0.5458984375,8439283712,1442414592,21.0,209698816,0,0.0,8,55.4,500.007584,0.0,0,1269019136,943625728,3853791,296214295,223,2276059,2024-11-25 13:25:52
2.1,1500.0,55.65,0.646484375,0.80908203125,0.5458984375,8439283712,1442414592,21.0,209698816,0,0.0,8,56.0,500.004288,0.0,0,1269019136,943625728,3853791,296214295,223,2276170,2024-11-25 13:25:52
0.0,1500.0,56.2,0.646484375,0.80908203125,0.5458984375,8439283712,1442414592,21.0,209698816,0,0.0,8,54.9,500.007584,0.0,0,1269019136,943625728,3853791,296214295,223,2276268,2024-11-25 13:25:52
2.0,1500.0,55.1,0.646484375,0.80908203125,0.5458984375,8439283712,1442414592,21.0,209698816,0,0.0,8,56.0,500.007584,0.0,0,1269019136,943625728,3853791,296214337,223,2276407,2024-11-25 13:25:52
0.0,1500.0,54.55,0.646484375,0.80908203125,0.5458984375,8439283712,1442414592,21.0,209698816,0,0.0,8,54.9,500.007584,0.0,0,1269019136,943625728,3853791,296214337,223,2276515,2024-11-25 13:25:53
0.0,1500.0,54.55,0.646484375,0.80908203125,0.5458984375,8439283712,1442414592,21.0,209698816,0,0.0,8,54.9,500.007584,0.0,0,1269019136,943625728,3853791,296214337,223,2276606,2024-11-25 13:25:53
2.0,1500.0,55.1,0.646484375,0.80908203125,0.5458984375,8439283712,1442414592,21.0,209698816,0,0.0,8,55.4,500.007584,0.0,0,1269019136,943625728,3853791,296214337,223,2276716,2024-11-25 13:25:53
2.1,1500.0,55.1,0.646484375,0.80908203125,0.5458984375,8439283712,1442414592,21.0,209698816,0,0.0,8,55.4,500.007584,0.0,0,1269019136,943625728,3853791,296214421,223,2276904,2024-11-25 13:25:53
0.0,1500.0,56.75,0.646484375,0.80908203125,0.5458984375,8439283712,1442414592,21.0,209698816,0,0.0,8,56.5,500.007584,0.0,0,1269019136,943625728,3853791,296214421,223,2277000,2024-11-25 13:25:53
0.0,1500.0,55.65,0.646484375,0.80908203125,0.5458984375,8439283712,1442414592,21.0,209698816,0,0.0,8,54.9,500.007584,0.0,0,1269019136,943625728,3853791,296214421,223,2277104,2024-11-25 13:25:53
2.0,1500.0,55.65,0.646484375,0.80908203125,0.5458984375,8439283712,1442414592,21.0,209698816,0,0.0,8,56.0,500.004288,0.0,0,1269019136,943625728,3853791,296214421,223,2277203,2024-11-25 13:25:53
4.1,1500.0,55.65,0.646484375,0.80908203125,0.5458984375,8439283712,1442414592,21.0,209698816,0,0.0,8,57.1,500.004288,0.0,0,1269019136,943625728,3853791,296214505,223,2277354,2024-11-25 13:25:53
0.0,1500.0,56.2,0.646484375,0.80908203125,0.5458984375,8439283712,1442414592,21.0,209698816,0,0.0,8,56.5,500.007584,0.0,0,1269019136,943625728,3853791,296214505,223,2277474,2024-11-25 13:25:54
2.0,1500.0,55.1,0.646484375,0.80908203125,0.5458984375,8439283712,1442414592,21.0,209698816,0,0.0,8,55.4,500.007584,0.0,0,1269019136,943625728,3853791,296214505,223,2277561,2024-11-25 13:25:54
0.0,1500.0,55.1,0.646484375,0.80908203125,0.5458984375,8439283712,1442414592,21.0,209698816,0,0.0,8,54.9,500.007584,0.0,0,1269019136,943625728,3853791,296214547,223,2277723,2024-11-25 13:25:54
2.0,1500.0,54.55,0.646484375,0.80908203125,0.5458984375,8439283712,1442414592,21.0,209698816,0,0.0,8,56.0,500.004288,0.0,0,1269019136,943625728,3853791,296214589,223,2277858,2024-11-25 13:25:54
